name,delta,delta_,mnnd,pd,spd,psv,psr,mpd
Im341_glaucoma,16.750129040554505,16.40592872777376,228553421253.0,28.697193189958014,57520523.9266341,-8.006197491609933,-600.464811870745,1762.2709536346233
Im119_normal,18.317978544886866,10.50228238855122,979804259314.0,29.32598427175803,61815641.65425167,-17.640273079809194,-1640.5453964222552,1893.8615702895734
Im321_glaucoma,31.114874416160003,2.420358093759721,1422350982127.0,30.078348899633344,67549493.79511413,-7.993592378214662,-919.263123494686,2069.53105989933
Im338_glaucoma,16.58821989404474,0.836793960749263,1885351493117.0,30.451830143192346,64570177.98172065,-11.50023667542612,-1115.5229575163337,1978.2530018909513
Im382_glaucoma,33.567498869935065,5.218517085742937,3067427888384.0,30.508304525665675,91591240.58484796,-11.815332053580496,-1701.4078157155914,2806.1041845848026
Im407_glaucoma,23.80972692892382,1.0515032656506382,4034211599134.0,30.629939186839067,85397528.8229897,-21.607617955828495,-2506.4836828761054,2616.3458585474787
Im380_glaucoma,31.854853580214847,1.6794060212824626,5180633895700.0,30.777449175754025,91006022.91869758,-10.741451283732555,-1578.9933387086855,2788.174721773823
Im163_normal,28.807900492543656,0.7385399719100391,6158345479387.0,30.914341493714407,91248810.13344261,-10.06360778131016,-1439.095912727353,2795.6130555589034
Im072_normal,25.283869621770044,0.2915634174791277,6943881308792.0,31.02654217756534,90075461.47245957,-14.666914863323367,-1657.3613795555405,2759.664873543492
Im448_glaucoma,27.31395040206104,0.30305464214573596,7810975401547.0,31.102945486704805,89374152.50036281,-15.857036481784597,-1839.4162318870133,2738.1786918003313
Im331_glaucoma,22.292836911380828,0.11675477708751325,8405205752295.0,31.18412891018953,88540189.71123572,-8.111420083179523,-981.4818300647222,2712.6283612510942
Im103_normal,18.39604424851119,0.13559878719892007,9315990587993.0,31.21966814694643,85525842.49686328,-35.73343816008164,-3108.8091199271025,2620.27703728135
Im140_normal,36.38299992354683,0.3304692467630102,10325759102221.0,31.252331781082034,87984040.54439053,-6.722875817002928,-1189.9490196095182,2695.589477462945
Im217_normal,34.87040244335192,0.24302842680207962,11351465685324.0,31.277549372743355,88791771.68128158,-12.834616039985333,-1822.5154776779173,2720.3361421961267
Im233_normal,27.03745693800035,0.16546977463625268,12231287204400.0,31.314082497521138,88988047.63684556,-13.495709471496152,-1538.5108797505613,2726.3494986778664
Im174_normal,21.729631135427592,0.12557081986815263,13300755637496.0,31.336011953890836,87014692.62490681,-21.35854257635302,-2349.439683398832,2665.891318165037
Im246_normal,20.646541738613035,0.06039502679476817,14032707477531.0,31.366928385963295,86127964.40623236,-15.993283026315163,-1599.3283026315164,2638.7243997007463
Im159_normal,23.888969571343342,0.08756571280437005,15069165991956.0,31.379731015248392,84508204.33379334,-28.782229160455643,-3079.698520168754,2589.0993974814137
Im373_glaucoma,33.05534993474474,0.16456418298406772,16154378978832.0,31.397575462591025,86472179.75883615,-11.055759057200467,-1569.9177861224662,2649.270213199637
Im374_glaucoma,18.995107621695006,0.070082918312684,17188556762369.0,31.414937134878684,84690968.53458332,-19.930829760359924,-2212.3221033999516,2594.698790887969
Im298_glaucoma,31.201744057049208,0.0204556515461444,17663292119868.0,31.437685907728643,84782182.1605948,-3.8310661400643204,-589.9841855699053,2597.4933259986155
Im367_glaucoma,23.18031217209004,0.10765738217413924,18990003411914.0,31.445669836583647,83617081.96881965,-33.148169166775546,-3281.668747510779,2561.7978544368766
Im064_normal,30.19251638253843,0.06112005228894002,19947357477425.0,31.457460488064694,83800694.16076902,-10.956564755328102,-1566.7887600119186,2567.423227964737
Im053_normal,32.61641312234955,0.06402489272274564,20910695559470.0,31.468609479197973,84436349.34820415,-10.57193694779129,-1501.215046586363,2586.8979579719407
Im054_normal,31.437216065947425,0.06194557847209197,21916341038613.0,31.478593107847747,84916099.79797395,-15.592436607499323,-1933.462139329916,2601.5961947908686
Im170_normal,23.575592871785528,0.023441947346311942,22654947540591.0,31.490837466898416,84606310.81168318,-14.19152992562792,-1575.2598217446991,2592.105110652058
Im234_normal,24.95491665310612,0.04115141061689046,23615129279078.0,31.500115431160197,84374729.10043475,-21.522271015299296,-2173.749372545229,2585.010082733908
Im322_glaucoma,19.01252809511179,0.005068399346486448,24029794395094.0,31.51303489209633,84185810.68206756,-10.107312203231492,-990.5165959166862,2579.222140994717
Im447_glaucoma,20.117602447583764,0.03693810985700846,25080071370120.0,31.520122778560538,83228474.44635932,-18.03969608590986,-2074.565049879634,2549.89198671444
Im418_glaucoma,28.615626707314927,0.04455920347992897,26043597873215.0,31.52760625117886,83668886.81013559,-9.386666039951432,-1332.9065776731034,2563.3850125654285
Im403_glaucoma,41.70599687435864,0.06484581323961447,27113984029893.0,31.532996453706314,85568597.17527808,-9.377214095570368,-1519.1086834823996,2621.5869232621963
Im118_normal,18.54754318365406,0.01805350610124458,27987761387372.0,31.53997107561157,84809832.93196766,-19.601500806496222,-1920.9470790366297,2598.3404697294013
Im164_normal,25.86245061531038,0.033170563553879005,28980691013443.0,31.545972728736604,84786333.10999237,-13.509545774783255,-1675.1836760731237,2597.620499693394
Im066_normal,24.26206864462624,0.024103453111699417,29928327427086.0,31.551582418294444,84518660.7291989,-14.435635195220591,-1732.276223426471,2589.4197527328097
Im390_glaucoma,33.95714960261964,0.03543997077426528,30807030951803.0,31.557740323234757,85569498.59289463,-10.783499479746169,-1401.854932367002,2621.6145402234874
Im330_glaucoma,29.885459893194806,0.008783430556909822,31359624976605.0,31.564492561100728,85631277.47519289,-6.481846103674019,-862.0855317886445,2623.5072755880174
Im096_normal,27.635951872274795,0.02079514512194682,32306977017249.0,31.568487468760793,85537381.48900585,-12.951339113406004,-1657.7714065159685,2620.630560324934
Im137_normal,19.03279381870584,0.008559151491737058,33100801323947.0,31.572761056907368,85000153.12857233,-20.698127148328908,-2111.2089691295487,2604.1713581057697
Im182_normal,18.256331179748592,0.011984923406822735,34043365670958.0,31.576431094859185,84243607.53684755,-23.636881092903398,-2410.9618714761464,2580.992877967143
Im205_normal,26.99630236162585,0.02023175903428469,35041069632440.0,31.579823518269663,84162907.10386176,-15.057332500310716,-1867.1092300385287,2578.520438231059
Im214_normal,21.353610656919106,0.02306510084790191,36041604150344.0,31.58404609949747,83796029.49539092,-18.868956625082294,-1886.8956625082294,2567.280315422516
Im389_glaucoma,41.021647054707806,0.03583767157097388,37126355792312.0,31.586920366414233,85332806.48111008,-9.343188405840126,-1504.2533333402603,2614.362943661461
Im387_glaucoma,26.08279504942102,0.014984320747647889,38006492806184.0,31.59071486064929,85312141.00832082,-19.53529411756066,-2012.135294108748,2613.7298103039466
Im199_normal,28.814746684791526,0.02170581618166904,39154645530387.0,31.59288227986168,85305978.52438584,-14.35836364402174,-1924.0207282989131,2613.5410087128016
Im365_glaucoma,32.95072147056991,0.012496538611758437,39955773269564.0,31.596358191408406,85546674.87762141,-11.684825376808163,-1519.0272989850612,2620.915284240852
Im149_normal,23.725007609139855,0.008100262558196103,40785287060592.0,31.599348455522577,85271963.85679883,-19.01693860403969,-2034.812430632247,2612.4988926715328
Im139_normal,22.09997300432168,0.01263083892064444,41697500881834.0,31.60260158356176,84993756.82229124,-13.153159568935221,-1565.2259887032913,2603.975392839805
Im346_glaucoma,18.258121257413894,0.00949643124811878,42665159950025.0,31.6053537297091,84366268.26813732,-35.838962396258275,-2938.7949164931783,2584.750866058129
Im250_normal,19.87883426613847,0.012261388816191146,43664562961058.0,31.608131201469316,83863509.50738667,-22.663677592281545,-2243.704081635873,2569.347717750817
Im395_glaucoma,18.796868169207762,0.00846350489767621,44579986427298.0,31.61087977302772,83380584.37465319,-24.44108480227158,-2273.0208866112566,2554.5522173606983
Im297_glaucoma,33.44577612393282,0.0034090911021371732,45041207578312.0,31.614419748050032,83477339.63776417,-3.216781889795876,-485.7340653591773,2557.5165330197356
Im201_normal,22.521210681287442,0.00912364615450806,46053803552637.0,31.616197584968713,83115172.76887105,-16.999616131467327,-2073.953168039014,2546.4207343404123
Im376_glaucoma,24.139620181111106,0.009361808180557232,47075005775087.0,31.617853956936948,82831515.32439874,-18.723192814672796,-2209.33675213139,2537.7302489092754
Im339_glaucoma,36.05721429851432,0.002807427782037094,47500875452492.0,31.621043395592775,82942470.2690665,-3.9992708000052732,-575.8949952007594,2541.129603831694
Im093_normal,21.20898413604127,0.007413948761509607,48502062952444.0,31.62258246751103,82538007.74916904,-19.496745187720084,-2242.1256965878097,2528.737982511306
Im244_normal,28.12538400653716,0.00925961656853037,49489239369201.0,31.62406930311642,82459172.93775013,-9.233076026415215,-1449.5929361471888,2526.3227002987173
Im202_normal,33.855474682065946,0.012449446856892827,50360906084165.0,31.626208364350394,83090481.4069696,-8.167086636052684,-1151.5592156834284,2545.664258791961
Im110_normal,24.706964896311604,0.00812127853222698,51295644904130.0,31.628010664477358,82989840.43843088,-14.992857966721951,-1799.1429560066342,2542.5808957852596
Im100_normal,31.99172627954124,0.011225938039754283,52262867705704.0,31.62968664197685,83341481.18508926,-7.983071612470288,-1229.3930283204243,2553.3542029745486
Im431_glaucoma,22.303296983137813,0.005509521140819468,53033728103056.0,31.631814117445455,83207179.60638914,-9.523500463168338,-1219.0080592855472,2549.239571274177
Im303_glaucoma,31.527561307452057,0.00034209419741372445,53227505176225.0,31.63463859037708,83208813.090387,-2.5404434484894174,-320.0958745096666,2549.289616739798
Im348_glaucoma,22.230636175057374,0.004303737402076551,54058853960844.0,31.636101817186447,82968778.00143741,-17.60014226412398,-1971.215933581886,2541.9356005342343
Im327_glaucoma,20.302832439789043,0.0009663424854580227,54456474358092.0,31.638366187005104,82909082.1808907,-8.813609031487918,-881.3609031487917,2540.106684463563
Im188_normal,32.39271603229339,0.013092946072908944,55540507408203.0,31.63949989065843,83425971.38977446,-11.622508715700523,-1627.1512201980731,2555.9427509122074
Im078_normal,27.82299165102883,0.005845998717143462,56406855337890.0,31.640813187904627,83421629.01026422,-13.085101120786726,-1596.3823367359805,2555.8097123242715
Im254_normal,18.354993447793326,0.0028369675858653976,57190673007440.0,31.642178632046512,83126807.59043409,-18.92198743576593,-1967.8866933196568,2546.777193334378
Im181_normal,24.175192251485832,0.003349951163269348,57888038305977.0,31.64373900454765,83050849.19992946,-11.859103683469037,-1375.6560272824083,2544.4500367625446
Im222_normal,34.044129366797975,0.012490718352843983,59045857108495.0,31.64452595185072,83529953.99226294,-17.041596466449697,-2181.324347705561,2559.128492410017
Im371_glaucoma,15.210874467641421,0.0023737976395513394,59652229857983.0,31.646354703042803,83236106.30383047,-26.789654528485784,-1875.2758169940048,2550.125805877159
Im219_normal,16.607492831473724,0.0020369406296638975,60383848761094.0,31.64764989994641,82954162.95356727,-20.280519759452687,-1967.2104166669108,2541.4878355872324
Im450_glaucoma,27.697788808906147,0.01301567836229341,61815010618490.0,31.64791594579141,82925025.73675811,-24.59762957882114,-3000.910808616179,2540.595151248717
Im122_normal,31.28430493783031,0.01012090994715736,63000381416157.0,31.648579808557876,83186668.71076304,-14.443302789545216,-1964.2891793781494,2548.6111737366127
Im349_glaucoma,18.955726087683065,0.004518661448608295,64130813805867.0,31.64913582534014,82620300.32999541,-25.9317381603047,-2956.2181502747358,2531.259201286624
Im351_glaucoma,22.34488485373873,0.012663494066053377,65728361953056.0,31.649412652125182,82079683.96456546,-34.014376086767626,-3707.5669934576713,2514.696199894775
Im172_normal,20.968810662238642,0.0036407884139384324,66686582324170.0,31.650358131525365,81817328.82419239,-24.5830685303809,-2482.889921568471,2506.6583585843255
Im402_glaucoma,23.801925760284877,0.003787595029734773,67476622250459.0,31.65167767040431,81780015.04044716,-8.771449792041361,-1166.602822341501,2505.5151666803663
Im369_glaucoma,34.82682033489484,0.011574672576299783,68821952671451.0,31.652056128148732,82125057.37404573,-19.668734256162658,-2753.622795862772,2516.0863166067934
Im368_glaucoma,38.15159191425278,0.018745604420022738,70284791804455.0,31.652572086094168,83676930.00987838,-14.391471339538231,-2086.7633442330434,2563.631434126176
Im249_normal,46.731793438049486,0.011275920325861801,71316157166255.0,31.653515782474063,84889035.33901939,-6.673898158033554,-1161.2582794978384,2600.767014063094
Im326_glaucoma,34.27713707686531,0.0014448050962764013,71789892071802.0,31.65497775905906,84948003.22951578,-3.493207110089135,-555.4199305041725,2602.573628355263
Im070_normal,26.50773217102355,0.003644711073702004,72675622159106.0,31.65595171683445,84898187.3443618,-11.509493207188047,-1530.7625965560103,2601.0474063836336
Im224_normal,17.15041302118227,0.0031806165355728784,73662472437310.0,31.656892003345217,84485276.382072,-24.429950071989342,-2296.415306766998,2588.396947980147
Im105_normal,25.352893435601604,0.004812624714269278,74701749499442.0,31.65770767325586,84416847.24129337,-13.639706940532708,-1718.6030745071212,2586.30046695139
Im192_normal,19.449673757941532,0.002813978073479772,75627120999860.0,31.658622425509872,84150319.02142587,-18.071680321814085,-1987.8848353995495,2578.134773940744
Im319_glaucoma,26.748110559153986,0.0391854508888025,78473015846429.0,31.65796093083541,84558199.60949805,-21.23372532096105,-3546.032128600495,2590.6311154870727
Im220_normal,33.78336962455748,0.0049999145548762355,79438773041317.0,31.658857340280278,84792006.50422789,-11.276001601313997,-1556.0882209813315,2597.7943169187465
Im404_glaucoma,33.1940251581336,0.006071698630661442,80330180495161.0,31.659936436185298,85244181.22401768,-7.613970024814787,-1104.0256535981441,2611.647709069169
Im112_normal,18.043592566332965,0.002527572643846553,81441963388779.0,31.660462840287558,84801067.6773086,-40.69060536174349,-3865.607509365632,2598.071926388131
Im427_glaucoma,19.540850113109613,0.005330342736669397,82929544693230.0,31.660781238631102,84197716.89258027,-55.18158051074613,-4855.979084945659,2579.5869146011114
Im193_normal,20.15656300639645,0.0028114478328691624,83989999815959.0,31.66150192494631,83924122.57911237,-21.14528798235072,-2389.4175420056313,2571.204735879668
Im361_glaucoma,14.238050658297153,0.001868143271557184,84567544225302.0,31.662843175007005,83624582.88822809,-24.642185657527364,-1626.384253396806,2562.027662016792
Im171_normal,21.49535865589129,0.0018010492058441628,85405357778137.0,31.66369456683708,83486824.10001303,-17.967789587240507,-1940.5212754219747,2557.807110907262
Im148_normal,23.552303872736523,0.002592838004281222,86390082084875.0,31.664382730149697,83348530.98789522,-21.72382227374095,-2346.1728055640224,2553.570189580123
Im069_normal,24.603938244830385,0.0021002842429668827,87197114077047.0,31.66526494324088,83309104.49868067,-11.145049462363119,-1393.1311827953898,2552.3622701801673
Im221_normal,33.559358338404145,0.004328863419013428,88181597780814.0,31.665993899304766,83562696.93684827,-11.412102939053149,-1563.4581026502815,2560.131646349518
Im328_glaucoma,19.50847878866382,0.0003239437054800008,88552582062224.0,31.66712676170381,83530802.80445777,-9.814661591134568,-893.1342047932457,2559.1544976855935
Im425_glaucoma,15.283631839507139,0.0026687357968453412,89831690382568.0,31.667551679479,82955670.34000514,-68.52604381114286,-5002.401198213429,2541.5340177697653
Im386_glaucoma,45.5918952601062,0.008889978005143795,91131657571094.0,31.667928469613276,83874356.17171296,-15.460017721692342,-2319.002658253851,2569.6800297706177
Im432_glaucoma,16.41099238501523,0.001379672502636787,92018159856168.0,31.66864864365845,83620998.4792354,-25.249424234520905,-2423.944726514007,2561.91784556481
Im398_glaucoma,21.695277954459474,0.0030321663352500462,93153800641740.0,31.669189086661028,83431886.40760297,-32.301803865305395,-2971.765955608096,2556.123970821169
Im360_glaucoma,34.44476179529449,0.0026754489107415538,93991745960966.0,31.669906796099546,83585182.40477827,-8.809918567283036,-1268.6282736887572,2560.820539362079
Im075_normal,20.246173978847484,0.0040970138590796,95337252765852.0,31.670342564183066,83235662.66828662,-35.08459419868042,-3403.205637272001,2550.1122141019187
Im353_glaucoma,22.992083572184022,0.0022179137958318537,96363344244069.0,31.67088192473437,83085060.71613577,-31.993268339606672,-3039.3604922626337,2545.49818370514
Im342_glaucoma,14.240782781130802,0.0003159414040511686,96857443692113.0,31.671761723201357,83000850.53222497,-17.842963695292163,-1516.651914099834,2542.918214835324
Im143_normal,23.787677784382225,0.0021497209933952874,97835702446062.0,31.672323494430422,82903780.11129756,-16.520869604083753,-1965.9834828859666,2539.9442436059303
Im059_normal,21.985964193042463,0.0012002794332654672,98622240754596.0,31.672972766502088,82808436.16884671,-17.21945225277205,-1842.4813910466094,2537.023166937706
Im392_glaucoma,33.23457094367833,0.004538041787003135,99875872648093.0,31.673300969706506,82966868.39056098,-28.313236871160875,-3171.082529570018,2541.87709529905
Im160_normal,24.58497630474119,0.0019120985552291397,100851698023199.0,31.673793586753614,82871111.9943663,-11.18966964535206,-1555.3640807039365,2538.94338218034
Im127_normal,21.145139603668355,0.002258132433350333,101870704497748.0,31.674357124260524,82721347.24252585,-31.0324620443117,-2730.8566598994294,2534.3550013028753
Im198_normal,29.715533172268998,0.00400451830834254,103126743307287.0,31.674705010776847,82809323.11280432,-17.178627783541543,-2216.0429840768593,2537.050340465819
Im065_normal,29.727540910511802,0.002653055278974376,104170341903002.0,31.67516061629825,82850416.59253253,-11.362034219825167,-1647.4949618746493,2538.30933187906
Im087_normal,35.131710354646025,0.0033900787484857533,105244082630135.0,31.675598576025116,83067873.88819018,-9.889536824858306,-1522.9886710281792,2544.9716264764147
Im156_normal,24.78320998679232,0.001869545458806261,106228862553830.0,31.676077365864078,82988656.71787691,-16.624174814492758,-1978.276802924638,2542.544629836915
Im206_normal,36.743461723261994,0.003911105569874937,107310385006707.0,31.676538417500993,83344782.58554916,-7.781420952720911,-1283.9344571989502,2553.4553488219717
Im085_normal,26.251211143150613,0.0030325517126918895,108493919900796.0,31.676938238561014,83320948.54623382,-20.820915899502666,-2436.047160241812,2552.7251392841245
Im133_normal,19.556048665785323,0.0012565410535771316,109495463049922.0,31.67732518333517,83098604.1104236,-24.03771312701116,-2644.1484439712276,2545.913116128174
Im128_normal,30.923796388085126,0.0025738901566181548,110557513480814.0,31.677737477167693,83170693.64988126,-14.29321632961425,-1900.9977718386951,2548.1217417243033
Im183_normal,19.780789129453783,0.001043306221167978,111440047836754.0,31.67822500576858,83020910.58575422,-21.674825008397786,-2254.18180087337,2543.5327998086464
Im196_normal,25.838003312790192,0.0021867080691808237,112535656490313.0,31.678610971941787,82965104.4645635,-15.20899178035752,-1977.1689314464777,2541.823053448637
Im092_normal,22.01284256514764,0.0013170578956622876,113496777972525.0,31.679036320880183,82833845.18646647,-17.263613082280433,-2054.3699567913714,2537.8016294873305
Im445_glaucoma,35.0495276542045,0.0020090104210395174,114420837898179.0,31.679470917518813,82936252.9422506,-14.557250225015203,-1892.4425292519763,2540.9391220052266
Im243_normal,27.211862790096546,0.0014226854355133985,115240863610246.0,31.67999826708881,82951260.38627867,-8.604196316821147,-1213.1916806717818,2541.3989088933417
Im311_glaucoma,30.489122572091002,0.0003728244768637881,115660966158561.0,31.68066264972595,82962180.6543496,-2.472516643396109,-422.80034602073465,2541.7334759298283
Im364_glaucoma,19.217656002533513,0.0011157864637456958,116584359101056.0,31.68110240458874,82803008.92071009,-26.498600401007785,-2490.8684376947317,2536.8568909531277
Im430_glaucoma,25.622267489410508,0.001833346619122198,117530600852246.0,31.681558824241378,82804180.29297368,-10.861687194825647,-1444.6043969118111,2536.8927785837527
Im454_glaucoma,31.168102052522023,0.0030504671865637513,118687562542996.0,31.681901395830785,82986196.00535473,-16.873157422479622,-2159.7641500773916,2542.4692403601325
Im095_normal,28.62986513275421,0.0014748688355205976,119576075909904.0,31.68232607447003,83004827.64505342,-9.761475696364915,-1395.8910245801828,2543.040062654823
Im313_glaucoma,18.507246183389515,0.00018852920205837057,119995448095059.0,31.682923920502,82968256.58860673,-10.363657922885956,-1057.0931081343674,2541.919625876432
Im077_normal,22.769724588282077,0.0010905386141296636,120906745002313.0,31.683296454373465,82865114.16320731,-18.16781312115677,-2071.1306958118716,2538.7596250982633
Im388_glaucoma,30.46652073291675,0.0015091043521396972,121763091273615.0,31.68371964568948,82936562.36514296,-15.66046923660769,-1785.2934929732767,2540.9486018732523
Im332_glaucoma,21.538341961457046,0.0005611116525296876,122344069331081.0,31.68425975314385,82900140.40011597,-11.519063989573711,-1186.4635909260921,2539.8327328466903
Im391_glaucoma,34.01759406873319,0.002455918039393973,123397008940749.0,31.684584216372293,83089237.57951367,-12.406845469955472,-1724.5515203238106,2545.626151333139
Im161_normal,24.391767965978406,0.0011372127971541967,124330522131077.0,31.684910271534058,83008117.15353246,-10.590685976517225,-1493.2867226889286,2543.1408441645976
Im420_glaucoma,23.130470648464886,0.0019519037963910977,125542736317189.0,31.68515669183462,82869870.77278186,-24.43362148191861,-2687.698363011047,2538.905354558268
Im079_normal,27.510817485699203,0.0012369640868634423,126440290130883.0,31.685508901504004,82860085.4754112,-15.349888227033121,-1811.2868107899083,2538.6055599084316
Im123_normal,30.503003541393387,0.002320486293579726,127622858300665.0,31.685742082958935,82922593.56456561,-16.547239571283775,-2184.235623409458,2540.5206361692894
Im098_normal,37.03229708789334,0.0030237099209175344,128792512979983.0,31.686002507899737,83241030.92938998,-13.114729699652464,-1822.9474282516926,2550.2766828857225
Im412_glaucoma,15.939062631798247,0.0005904199618038115,129617884423872.0,31.68638410666899,83080117.91609786,-37.681272101838736,-2863.776679739744,2545.3467498804494
Im082_normal,33.129281257103,0.0017224020390576352,130484139148083.0,31.686772894410783,83250524.58969171,-8.559415035637416,-1215.4369350605132,2550.5675425763393
Im237_normal,13.519948057291092,0.0006834924475987155,131334863790941.0,31.687179426552785,83011133.90801722,-16.88733727245743,-1756.2830763355728,2543.2332692407235
Im101_normal,30.520584883601444,0.0017002981960852757,132344982101843.0,31.687476140577555,83077583.58067343,-8.96542422080884,-1380.6753300045614,2545.269104800044
Im424_glaucoma,27.81311158751692,0.004567072362411212,134064076796720.0,31.68755949583258,83164411.65331995,-25.89477202606274,-3185.056959205717,2547.929278594361
Im452_glaucoma,16.211010611710186,0.0014138179246732533,135317224975239.0,31.68780949518879,82811091.55300587,-41.846165211246124,-3556.9240429559204,2537.1045206190524
Im151_normal,29.239707574311044,0.002030992371803707,136455718307885.0,31.688073592555185,82886073.56264912,-13.243702590545004,-1814.3872549046655,2539.4017635615537
Im347_glaucoma,11.233800719529142,0.0005407617432935068,137532766071837.0,31.68831751174527,82556993.14552058,-97.38895103442852,-5940.726013100139,2529.3196429387435
Im104_normal,23.79788052954157,0.001669065322682494,138677508376248.0,31.688586664311906,82496486.89879453,-16.55987657323067,-2003.7450653609112,2527.4658976346363
Im314_glaucoma,22.21838561780234,0.0001363205384912228,139052166351513.0,31.689056128762186,82479976.57183906,-8.213437820907536,-878.8378468371064,2526.960066539187
Im211_normal,26.13120511515815,0.0010873056968780162,140006486451390.0,31.689339256530737,82450550.29618564,-15.686769663009448,-1866.7255898981243,2526.058526231178
Im129_normal,32.15335832126428,0.0018290384643237837,141149150965733.0,31.689543801641673,82513401.7937034,-13.297102584303742,-1928.0798747240426,2527.9841235815993
Im240_normal,24.24323974867492,0.0006044753138096593,141862120069068.0,31.689908279936066,82488079.09596516,-8.9164218061233,-1150.2184129899056,2527.2083056361876
Im113_normal,16.526949442414704,0.00047928779405563543,142737197478854.0,31.690173864660892,82328301.29360181,-46.88336228998171,-3703.7856209085553,2522.3131523775064
Im436_glaucoma,23.149354630927707,0.001444417261258502,144006810361360.0,31.690313698910344,82141851.47507392,-23.849366974832492,-2957.321504879229,2516.600841760843
Im357_glaucoma,29.403679146287605,0.002421161250954788,145469813370678.0,31.69037238897061,82021445.18141322,-26.929079751199204,-3554.638527158295,2512.91192345016
Im358_glaucoma,23.7734760161953,0.0024420126469240863,146950111279714.0,31.690526182560145,81919218.50006658,-28.016014979927206,-3081.761647791993,2509.7799785559614
Im178_normal,25.492066808672504,0.000755377774079064,147775702732195.0,31.690838742889728,81900937.78614613,-11.116606104655911,-1434.0421875006125,2509.2199076637908
Im165_normal,26.120791810701196,0.0010672533293448773,148645670603201.0,31.691163274327092,81930587.77226752,-14.340941761003235,-1634.8673607543687,2510.1283018464314
Im121_normal,19.735094775706788,0.0006052214773524212,149573798480582.0,31.691405494042883,81803966.72891882,-20.34884168181001,-2238.372584999101,2506.248980665405
Im372_glaucoma,34.0675362965183,0.0015803485869824586,150571925046084.0,31.69166860062964,81977019.71598315,-10.715272662255332,-1510.8534453780019,2511.550849141641
Im383_glaucoma,32.27236512857941,0.0020315082002059877,151860474837056.0,31.691814797512595,82066782.91540621,-14.203252291923912,-2102.081339204739,2514.3009471631804
Im186_normal,28.505138322957094,0.0019350764901276752,153122586965524.0,31.692004718808292,82125691.0827621,-9.710152696387798,-1611.8853476003744,2516.1057317022705
Im377_glaucoma,20.144464351979007,0.0005629292994785648,154003220714659.0,31.692268855046088,82023785.18549494,-23.075930430391104,-2353.7449038998925,2512.9836147516835
Im102_normal,20.129429819938846,0.0005593598225859559,154912094718287.0,31.692507754152533,81910318.41754976,-32.5280452009755,-2960.05211328877,2509.507304459245
Im334_glaucoma,22.223071950324154,0.0002297844370099524,155368433505660.0,31.6928955785143,81898180.70073989,-5.8247455841853455,-704.7942156864268,2509.135438135413
Im131_normal,27.552092991866942,0.0011350502694137787,156388124036799.0,31.693125939462703,81916004.7977326,-9.892792175148985,-1424.5620732214538,2509.6815195383765
Im419_glaucoma,39.5894614245181,0.027233284246065758,160827657581056.0,31.69242294736882,85403919.88584298,-50.87086756891909,-7630.630135337863,2616.5416631692087
Im308_glaucoma,31.136100407076476,0.0002248375379792543,161273839338278.0,31.692799911473095,85411328.39943674,-4.364513560212746,-632.8544662308482,2616.7686396886256
Im441_glaucoma,36.58123491746382,0.002222695868811466,162446882131841.0,31.693024411873754,85712441.73002054,-11.239504848648068,-1640.9677079026178,2625.9939255521
Im421_glaucoma,24.350991441999252,0.001215930340314735,163739515657993.0,31.693151678834283,85546879.65901753,-29.02552723649675,-3366.961159433623,2620.9215581806843
Im355_glaucoma,34.12743018005436,0.0011528719556873823,164590743401847.0,31.69344958163662,85685191.66573307,-6.494781809521174,-1019.6807440948244,2625.15905838643
Im245_normal,27.83562430372595,0.0007976085454792295,165559328518849.0,31.69366665216515,85644120.38846658,-10.518736149468708,-1577.8104224203062,2623.9007471956675
Im158_normal,23.307777343108192,0.0008705714993954992,166690709275192.0,31.693837264125328,85516579.11831072,-25.543331887995546,-2835.3098395675056,2619.9932327913825
Im094_normal,27.28662389137254,0.0007074404697508524,167532785437487.0,31.694110267951075,85517272.48465627,-9.142731193184703,-1279.9823670458584,2620.0144756328514
Im400_glaucoma,39.18776302105242,0.0019283680230526511,168664896563342.0,31.694317506253558,85814803.7403295,-13.825906415591971,-1866.4973661049162,2629.130016554213
Im381_glaucoma,28.369553052748813,0.0016450436366119453,169949561440611.0,31.694490889155272,85838804.19323684,-18.128362141081695,-2302.3019919173753,2629.8653245476976
Im226_normal,27.10967300907653,0.0008313579109832207,170903554357632.0,31.69472674710164,85836738.32740533,-17.633439964046296,-1957.311836009139,2629.8020320896244
Im204_normal,26.354723679013087,0.0008752876473907565,171905056203858.0,31.694950254665073,85812745.94420008,-14.601589505471408,-1810.5970986784546,2629.0669713296593
Im056_normal,27.19401377731999,0.0008919510119394648,172934484965587.0,31.695156944376556,85787450.08611205,-16.612258373030844,-2059.9200382558247,2628.2919756774527
Im189_normal,34.420758036014156,0.001301496167318269,174051100042318.0,31.69533543567464,85872437.78197725,-13.36845730906683,-1911.6893951965567,2630.895765379205
Im061_normal,27.243863158966896,0.0009685623001276746,175163040512493.0,31.69551228910746,85834828.74196115,-20.72720104248887,-2425.082521971198,2629.7435276336137
Im444_glaucoma,35.75369814560717,0.0019690076745671288,176431150861375.0,31.695679219206045,86075858.33855538,-17.98509402023336,-2284.1069405696367,2637.128012823388
Im437_glaucoma,25.11703292010497,0.0005286395737550225,177290128807551.0,31.69590965598864,86032492.85387112,-12.305802553564549,-1587.4485294098267,2635.799413415169
Im446_glaucoma,27.18777688884258,0.0004867214148168179,178034653043227.0,31.696171875827442,86027697.64329472,-8.859313780518512,-1187.1480465894806,2635.6525013264313
Im076_normal,22.709244609031334,0.00045083983522409537,178907639550640.0,31.696382790286854,85953479.66874559,-20.629864462229882,-2228.0253619208274,2633.3786663218625
Im309_glaucoma,34.22203761352498,0.00025897875913273317,179383220132192.0,31.696686490539477,85979469.0917119,-2.2251706290130158,-387.17968944826475,2634.174910898036
Im406_glaucoma,35.74276720562645,0.002259524039772584,180735368716178.0,31.696832701390512,86284280.03635322,-13.958322287665693,-2009.9984094238598,2643.5134815059196
Im126_normal,20.354392411818626,0.0005072419463832465,181581750744095.0,31.697075125962105,86207011.35933338,-29.880764342748176,-2420.341911762602,2641.1461813521255
Im180_normal,26.72041753448111,0.0005478013942660183,182430548516139.0,31.69729366608152,86187341.59912133,-11.207431068666068,-1479.380901063921,2640.5435538946485
Im455_glaucoma,29.198382523672105,0.0012727004133567645,183727864703316.0,31.69741034495595,86166064.25406271,-19.38881627576943,-2539.934932125795,2639.891674450451
Im184_normal,22.81884894643746,0.0004035970619414511,184544130870428.0,31.697627128572968,86112261.84159638,-24.653112596102332,-2292.739471437517,2638.243316225379
Im434_glaucoma,24.03934940101297,0.000796601170923906,185669186599538.0,31.697783647938813,86029142.65745416,-24.041672829405368,-2620.542338405185,2635.696772593571
Im209_normal,28.350732757735397,0.000814421657095388,186682228447102.0,31.697966038033535,86034427.41763143,-9.860960368188024,-1469.2830948600156,2635.858683138218
Im115_normal,18.723029526025364,0.0006010493759170707,187727804829981.0,31.698152679093464,85892681.74518736,-16.812686726182413,-1983.8970336895247,2631.515984840299
Im315_glaucoma,21.39980920363881,7.595345350248712e-05,188059379395558.0,31.698453419299184,85883138.80316983,-3.193380686943563,-392.7858244940582,2631.2236152931932
Im091_normal,34.725631094034,0.0012221854802202644,189169644808443.0,31.69861257513724,86014060.75534727,-12.665857088649124,-1747.888278233579,2635.2347045143156
Im433_glaucoma,25.824087916496584,0.0008935275687451693,190419906738277.0,31.69870248742369,85870939.32078318,-38.70157215074129,-4102.366647978577,2630.8498566416415
Im055_normal,29.378115484443587,0.0006615995265511817,191320829182673.0,31.698896151908524,85895313.08177659,-15.13418878793518,-1755.565899400481,2631.596601770116
Im207_normal,35.28186638974036,0.001251656068714573,192454126325870.0,31.699047536307326,86032312.83260322,-9.288245313875047,-1486.1192502200074,2635.7938980576964
Im114_normal,20.84804249503634,0.0006046344695469582,193540564744549.0,31.69920119832015,85914385.68486454,-14.953147427142023,-1943.9091655284628,2632.1809339725655
Im099_normal,36.547996904662384,0.0012409009141222704,194653277316704.0,31.699353802566193,86087012.64194371,-12.01932553832242,-1658.6669242884939,2637.46975005955
Im255_normal,18.000239546943543,0.0003311847497055253,195557811918697.0,31.699527706335953,85977052.72343543,-22.20137773745998,-2286.741906958378,2634.100880007213
Im306_glaucoma,29.898521886532354,0.0002598498717922608,196130447897136.0,31.69976194648473,85988201.12986645,-6.046917982256791,-834.4746815514371,2634.442436576791
Im378_glaucoma,33.49722317216551,0.0023817416001006278,197903674144059.0,31.699778691699507,86097675.36237788,-34.18312402063646,-4136.158006497012,2637.79642654344
Im401_glaucoma,39.48835635251369,0.0012290914416228367,199015526409675.0,31.699920547289576,86284982.1044925,-10.893071096578021,-1677.5329488730154,2643.534990946461
Im299_glaucoma,17.71013457335553,0.00010530709404322064,199547776520938.0,31.70014684902592,86245903.57469572,-20.11769947215338,-1750.239854077344,2642.3377320678837
Im097_normal,27.402417767715054,0.0005255440575116481,200506082840320.0,31.700294011148344,86208145.95786928,-16.469182000358167,-2025.7093860440546,2641.1809423366813
Im060_normal,26.897812527133887,0.0005955058246003566,201536880027793.0,31.70042975480853,86162194.05438247,-20.715583384712453,-2403.0076726266443,2639.773102156326
Im203_normal,32.29621336220071,0.0007985387817295355,202396259017495.0,31.700625659623316,86275382.30081698,-8.181782523638095,-1129.085988262057,2643.240879314246
Im210_normal,27.806412576537806,0.0004918935728023151,203301129875873.0,31.70078469735454,86257948.51485744,-14.679096226712305,-1761.4915472054765,2642.706755969897
Im253_normal,22.088841970609664,0.0005291793258442109,204250606924551.0,31.700956513575633,86195046.99064694,-13.302669781738794,-1636.2283831538716,2640.7796259389384
Im352_glaucoma,27.66305866434402,0.0007174597932649116,205352178830006.0,31.7010833954057,86171194.36381023,-21.642281219149734,-2467.2200589830695,2640.0488469304605
Im117_normal,12.798132919141654,0.0001845788460696234,206056001589476.0,31.701291731206467,86057568.37637481,-42.471979759547565,-2675.7347248514966,2636.5676585899146
Im228_normal,28.24589280420815,0.00050948349875868,206780737230824.0,31.701495437251495,86110814.63869238,-13.433525329329228,-1329.9190076035936,2638.1989779011146
Im179_normal,27.861996992481625,0.0004563799778761383,207637524763137.0,31.701658495793836,86106834.63159345,-9.042651318846193,-1284.0564872761595,2638.077041409113
Im340_glaucoma,20.364370961288177,3.117788123467147e-05,207911428777388.0,31.70189874206672,86099377.46484183,-9.280949006104747,-779.5997165127988,2637.8485742904973
Im385_glaucoma,35.37807676892309,0.0012368244583594763,209155398595183.0,31.70200192771454,86243625.43082975,-15.206693267244072,-2128.93705741417,2642.2679359935587
Im169_normal,17.916582440614647,0.00026400295850999614,210064911800314.0,31.702133110659933,86132314.91675305,-29.160246530001505,-2828.543913410146,2638.8576874005225
Im336_glaucoma,15.923961204198607,8.531373867812744e-05,210565095480663.0,31.702338429837567,86094182.46132718,-7.413893052969785,-808.1143427737065,2637.689413643602
Im375_glaucoma,18.172352148825173,0.00041184642485578754,211504070925611.0,31.702496898801556,85979215.04756065,-19.437282384606256,-2060.351932768263,2634.167127682618
Im370_glaucoma,11.946799311851622,0.0001676602933687572,212196976728230.0,31.702689296667327,85858899.42166854,-52.65955943765511,-3001.5948879463413,2630.4809871834727
Im216_normal,35.49385597909204,0.001175001916269528,213493239349157.0,31.70276622413663,85952793.6659443,-15.695470851162595,-2275.8432734185762,2633.3576490791756
Im116_normal,16.258225099563713,0.0001894133651797887,214328871669821.0,31.70289576883433,85846903.78201209,-42.826411841273604,-3511.7657709844357,2630.113473713606
Im235_normal,24.18156110768201,0.00045359673168739477,215251063967494.0,31.703039478851984,85813277.79821356,-16.41609898666944,-1822.1869875203079,2629.083265876641
Im307_glaucoma,38.24258134343821,0.00028702198809837855,215819150572997.0,31.703223509157947,85866331.33559541,-5.0201952927272595,-737.9687080309071,2630.7086806248594
Im058_normal,21.188695508734533,0.0002497107977774989,216606372010628.0,31.703371541613322,85812454.64910482,-17.597763772179707,-1847.7651960788692,2629.058046847574
Im405_glaucoma,22.00331265669147,0.0002511036684673328,217423247191977.0,31.703503918772867,85750660.17068465,-21.841811775143935,-2249.706612839825,2627.164833660682
Im132_normal,19.943991268926165,0.0002895351307292051,218341634037132.0,31.70362353134922,85662703.24805585,-21.26763927931702,-2275.6374028869213,2624.470075001711
Im157_normal,23.099718833686214,0.0004690662611963102,219380876597845.0,31.703735471560837,85591564.92789285,-18.247830308059225,-2134.9961460429295,2622.29059215358
Im356_glaucoma,36.31813427595525,0.001574889675902664,220923263139640.0,31.703770333679202,85724119.53495781,-20.325486387172862,-2926.8700397528924,2626.3517014386584
Im300_glaucoma,17.279401636642124,6.565622974019872e-05,221320115020868.0,31.703969875151888,85702627.3651839,-12.487405000212018,-1036.4546150175975,2625.693240354899
Im396_glaucoma,47.572305781107836,0.0009827692604694317,222269611840959.0,31.704095515756414,85980849.82734631,-5.825477051161205,-1048.585869209017,2634.21721284762
Im230_normal,12.988694724613865,0.00025306689557448684,223294802216276.0,31.704211122496456,85797271.70003904,-86.38816886674222,-5010.513794271049,2628.5928829668824
Im062_normal,24.345746915963186,0.0005015656673719285,224328907275953.0,31.704324294660594,85750262.06321046,-20.986830831603992,-2287.564560644835,2627.1526367405163
Im111_normal,26.007674526640045,0.0004815245907371184,225345865343476.0,31.704432632539813,85714201.38040753,-17.08359662665385,-2101.2823850784234,2626.0478364095443
Im317_glaucoma,17.997207297688114,7.437300283275262e-05,225793556979659.0,31.704614157249857,85690085.08568639,-9.365497657033899,-955.2807610174577,2625.3089793408817
Im223_normal,31.864068342111594,0.0011712925121946504,227178966024477.0,31.704682111043347,85776259.27523334,-19.41350742074081,-2543.169472117046,2627.949119952002
Im343_glaucoma,15.220363154496393,3.786545218617227e-05,227549158635790.0,31.70486565361532,85756166.1164715,-11.383698916618759,-990.381805745832,2627.33352072523
Im212_normal,23.01064421308489,0.0005508252334319954,228767574331121.0,31.704937804922736,85650748.84660575,-27.535830784780437,-3001.4055555410678,2624.103824957284
Im168_normal,16.05812375819793,0.00020333452014724754,229694110351228.0,31.705038403628368,85531946.49224429,-44.60518400707558,-3702.2302725872732,2620.464046943759
Im135_normal,22.41861163730474,0.00044847714934855,230725836606327.0,31.705147318442936,85465134.23671335,-22.217771083357274,-2355.083734835871,2618.4171028404826
Im176_normal,24.982139243171176,0.0006126212561775243,231827907988406.0,31.705252560304743,85439090.58857833,-17.779060695942484,-2080.1501014252703,2617.6191969539927
Im145_normal,21.04472907729504,0.0002089691474497007,232618413490553.0,31.705375905078373,85385811.87618688,-14.393847482990958,-1684.0801555099422,2615.9868834616077
Im366_glaucoma,32.18606434522643,0.0004420105814890959,233479370390463.0,31.705497563535182,85426834.81486037,-12.188364839071202,-1560.1106994011138,2617.243713690575
Im106_normal,31.692798924222764,0.0006183679962425539,234535330600601.0,31.705593880015325,85469854.05943683,-14.349947034332693,-1865.49311446325,2618.561705252354
Im453_glaucoma,15.497598090531092,0.00011877754092585813,235121320245996.0,31.705751613235293,85415954.59723368,-22.212033711738624,-1688.1145620921354,2616.9103736897573
Im362_glaucoma,21.205564629963867,0.00021125271565951948,235850536968982.0,31.705886840287206,85377442.85865088,-12.326045189563946,-1368.191016041598,2615.7304797380784
Im248_normal,45.35282886437987,0.0010208829393720089,236887348576653.0,31.70598836679447,85680100.32812642,-7.099736241815811,-1192.7556886250563,2625.0030737783827
Im241_normal,24.131741602337286,0.0002797844244145678,237726445264257.0,31.706103487450285,85645186.17186299,-10.990862599952107,-1450.7938631936781,2623.933399873253
Im218_normal,17.82081733459445,0.00013666635538892748,238399408370508.0,31.706237575429878,85593474.25043078,-14.942253352882641,-1539.052095346912,2622.3490885548645
Im379_glaucoma,42.97382356294717,0.0009442916709951935,239532933593853.0,31.706315871637116,85797029.52214688,-12.971844774011243,-1919.833026553664,2628.5854633010686
Im413_glaucoma,32.17484209289679,0.0005233859832261393,240541713790893.0,31.706407019250218,85833352.62684132,-14.004215859003954,-1834.552277529518,2629.698303518423
Im142_normal,24.149589580618994,0.0004095549391229141,241559098746551.0,31.70650187564011,85787042.2737193,-16.453523370164746,-1974.4228044197694,2628.2794814252234
Im337_glaucoma,15.904514785226274,4.484558718407951e-05,241981457517867.0,31.706654918772173,85763607.92159657,-12.951830167809678,-1139.7610547672516,2627.5615172057774
Im150_normal,29.669373287781365,0.0005758468002149966,243055371218790.0,31.706742696331776,85788023.58132084,-11.714950123944831,-1640.0930173522763,2628.3095459963492
Im316_glaucoma,21.126790779329713,8.181869115782193e-05,243528858071120.0,31.706890150768263,85770501.60522498,-4.982249240125578,-702.4971428577064,2627.7727207483144
Im153_normal,30.232857205448802,0.00035089270084756667,244379616132993.0,31.706995108154143,85784953.7260334,-10.861429887602766,-1466.2930348263733,2628.215494057396
Im136_normal,19.813023650967093,0.0001754223584125088,245164011246519.0,31.70710222213093,85728758.42147711,-19.84090671422023,-1984.0906714220228,2626.4938241874115
Im185_normal,21.871490573067064,0.00023746060826923372,245966095139190.0,31.707214930474734,85687634.56020813,-22.174517766973615,-2040.0556345615726,2625.233901967161
Im232_normal,27.436201364476823,0.00039488530080860034,246796628079290.0,31.707331076848305,85712895.92080641,-11.170144836152307,-1318.0770906659723,2626.0078407109804
Im108_normal,24.885960521041103,0.0003198564578551851,247701312852265.0,31.707428609029098,85684729.97848132,-15.30049438581105,-1790.1578431398927,2625.144913556413
Im067_normal,24.354894368395776,0.0003891456205781777,248740936729120.0,31.707509489522295,85634198.77868277,-17.22370469399638,-2084.068267973562,2623.596776307683
Im086_normal,35.956541218131356,0.0005335767489146663,249736465439820.0,31.70759127875743,85704818.13118106,-9.054446224251503,-1403.439164758983,2625.7603594111843
Im423_glaucoma,32.83452578989651,0.0006679251261508091,250914120393279.0,31.707655593876986,85756680.1593189,-18.9202451612551,-2365.0306451568877,2627.349269586976
Im435_glaucoma,22.779811536165212,0.00047962538452702797,252095690041166.0,31.707725902506716,85676790.92393243,-23.939712832664174,-2633.368411593059,2624.9016827185183
Im302_glaucoma,31.45130702166419,0.0001372030635770306,252624697857437.0,31.70785409720246,85689345.94640562,-8.959618376148748,-1021.3964948809573,2625.286334142329
Im200_normal,22.25780878098335,0.0002770227785208554,253533190601715.0,31.707947825977914,85640135.14620744,-15.5401891437522,-1818.2021298190073,2623.7786503127277
Im350_glaucoma,29.741669431705116,0.0007384159122845334,254797299892102.0,31.70801004846097,85675492.9310303,-11.810443145970133,-1783.37691504149,2624.8619157791145
Im109_normal,25.191426629552634,0.00028140713789927486,255652111400673.0,31.70810821503315,85656261.69185191,-15.237866252711061,-1721.87888655635,2624.272723402326
Im442_glaucoma,31.10370654745811,0.0006328680825600564,256709619887920.0,31.70819550431256,85739219.08350849,-12.30557517590259,-1648.947073570947,2626.81431015651
Im146_normal,16.75451648544012,0.00014302933526033377,257461339288376.0,31.708302481511595,85672944.57852411,-23.32862448006859,-2052.918954246036,2624.7838412538026
Im329_glaucoma,26.880613936288533,9.124893688188813e-05,257940451395999.0,31.7084289855487,85670230.43591404,-6.861128599930269,-837.0576891914928,2624.7006873748173
Im363_glaucoma,30.815555088513044,0.0006891684758293544,259200181436525.0,31.70848366985956,85711697.1619945,-22.2001557093274,-2664.018685119288,2625.9711140316945
Im318_glaucoma,19.362452850502574,4.797903096260771e-05,259625195266086.0,31.70861199879121,85695167.5800691,-7.474269663616255,-844.5924719886368,2625.464693016823
Im410_glaucoma,22.561876610486426,0.00042259899272469904,260808496507431.0,31.708672617476015,85608407.96721049,-29.0775116711575,-3053.1387254715373,2622.8066166424783
Im088_normal,26.458084295727765,0.00038555147521324016,261826959698483.0,31.708749049153354,85592909.8501957,-13.763030388091865,-1789.1939504519426,2622.331796880996
Im325_glaucoma,34.08490948372963,0.00013435069964069113,262341324212323.0,31.70886767770967,85610919.67942445,-2.986474874317222,-519.6466281311966,2622.8835686098178
Im399_glaucoma,20.04918150169542,0.0005817060587811825,263868798534435.0,31.708893080068258,85414995.10654415,-43.796643588335336,-4248.274428068527,2616.880977528926
Im305_glaucoma,32.884853441191886,1.9174816723135146e-05,264084052666037.0,31.70903233554611,85415886.36542909,-2.303822499701582,-311.0160374597136,2616.908283254568
Im252_normal,22.126228693405096,0.00023892555269420786,264950837976597.0,31.709121398277368,85372602.18260118,-12.800037632017698,-1574.4046287381768,2615.5821747120463
Im443_glaucoma,30.199929980009045,0.0005852603076442758,265996897729865.0,31.709203414743815,85444651.66971041,-13.35959638481243,-1736.747530025616,2617.789573214167
Im081_normal,25.727885709404724,0.00028992389003730794,266811988768031.0,31.70930069848496,85444435.43722333,-9.490376145849469,-1252.72965125213,2617.7829484443423
Im345_glaucoma,18.914755886865006,0.0002777475664185261,267931653151549.0,31.709357432942372,85326519.51883128,-44.400954373495814,-3818.48207612064,2614.1703283955662
Im397_glaucoma,43.45598540790608,0.0007058082091546342,268947123764358.0,31.709432437021466,85543563.74285793,-7.577938241154545,-1265.515686272809,2620.819967612069
Im324_glaucoma,30.35530167864204,6.893637687800659e-05,269387387796724.0,31.709544794628584,85541153.2644586,-6.950966913441697,-882.7727980070955,2620.746117170913
Im426_glaucoma,36.99967534142775,0.00035066308667079264,270193817682850.0,31.70963303360609,85615388.12716195,-7.560307410638835,-1111.3651893639087,2623.0204695821676
Im428_glaucoma,31.860564505930476,0.0008011295738174489,271480245725427.0,31.709688961158793,85721837.65285711,-14.380122909366884,-1998.837084401997,2626.281790835083
Im320_glaucoma,23.173666233728135,2.4007945933466948e-05,271789169072648.0,31.709809007484118,85715122.30893044,-6.669493913773039,-726.9748366012612,2626.0760511314475
Im416_glaucoma,31.15235807608686,0.00035846068763894113,272727659718060.0,31.70988257260799,85742200.26184338,-13.714884659037697,-1741.7903516977874,2626.9056452770647
Im384_glaucoma,39.82113935719762,0.000953154732718324,273817741072970.0,31.709957765649794,86074697.20497768,-9.089429013608992,-1336.146065000522,2637.0924388779927
Im304_glaucoma,29.332690690284924,2.61282943655484e-05,274079609863464.0,31.710082012894546,86075551.0890589,-3.3538768300398174,-415.88072692493733,2637.118599542246
Im333_glaucoma,33.01068551440798,0.0004614701379985844,275111341421071.0,31.710147081185553,86132301.21173933,-13.949580220706443,-1841.3445891332503,2638.8572675165237
Im144_normal,21.280943884011247,0.0001455382004786865,275894481378359.0,31.710225665329833,86086765.10229643,-14.355993308017867,-1679.6512170380904,2637.4621661242777
Im125_normal,31.704075651730143,0.00038961102542871365,276769993858518.0,31.710308698437867,86149693.6353683,-9.288149630835072,-1272.476499424405,2639.3901236326074
Im162_normal,31.9867498326698,0.0003449740265111223,277694376563188.0,31.710379443966456,86179683.99623819,-8.574552347963388,-1303.331956890435,2640.3089459631797
Im090_normal,32.992398515190374,0.0005107651880965034,278780963337563.0,31.7104398068773,86245827.27803698,-14.097741010694937,-1846.8040724010368,2642.3353945477015
Im141_normal,36.81371157538503,0.0004419478993655377,279672434939204.0,31.710518156583156,86350697.2428696,-5.85385065826785,-995.1546119055345,2645.548322391838
Im422_glaucoma,32.600388122948836,0.000542635076574074,280861429808214.0,31.710565608518703,86394737.12480335,-23.52544472860648,-2705.4261437897453,2646.8975834804946
Im052_normal,32.6976037958207,0.00032395679097000333,281786644629989.0,31.71063177377701,86421418.10884565,-11.069179615140296,-1527.5467868893609,2647.715015589634
Im415_glaucoma,27.431788813954626,0.00045636839120454404,282993906420849.0,31.710677716830272,86403081.59527902,-20.8424055564125,-2480.2462612130876,2647.1532351494798
Im409_glaucoma,25.818983270054982,0.0002457250362187487,283965245624732.0,31.710733348902103,86360283.72533295,-22.822310749138566,-2510.454182405242,2645.8420258986807
Im411_glaucoma,15.346588544722106,0.0001192827838967249,284754489401008.0,31.710815156939457,86282473.12584604,-35.77644091151408,-2683.233068363556,2643.4581227281265
Im152_normal,30.04495805709493,0.00027603291654164645,285626826593945.0,31.710887195754726,86297248.24232803,-10.676091655006436,-1441.2723734258689,2643.910791737991
Im417_glaucoma,25.639197013125763,0.00031630505803589766,286665713318641.0,31.710946000988642,86268055.99454293,-14.68564664713885,-1865.077124186634,2643.0164214014376
Im187_normal,27.80495685994994,0.000527338269874207,287908039997435.0,31.71099418113719,86269507.12275128,-9.188110302216385,-1525.22631016792,2643.0608799862525
Im438_glaucoma,23.00302365336728,0.00012117741267047607,288591759045367.0,31.711077435987278,86245243.75803214,-11.360908442784174,-1340.5871962485326,2642.317517096573
Im083_normal,33.83708914846453,0.0003502010061198232,289447738496582.0,31.71115382094893,86314418.6350266,-8.057663398709503,-1168.3611928128778,2644.436845435864
Im068_normal,24.24217665016243,0.00017375193978618223,290218074299138.0,31.71123222475922,86294772.11806183,-11.074604667942591,-1362.1763741569387,2643.8349300876785
Im191_normal,21.06575930956223,0.00015741753307453701,291079555372804.0,31.71129750383893,86241337.54159974,-22.571980194113877,-2257.1980194113876,2642.197841348031
Im440_glaucoma,28.276017237437003,0.0002613136034048199,292038758840648.0,31.711353877501075,86223664.47258034,-20.089846601484528,-2290.242512569236,2641.656387027584
Im394_glaucoma,28.845521921052704,0.00038097258798945865,293201488762828.0,31.7113930014898,86197259.82084742,-17.858114090901594,-2375.129174089912,2640.847420981845
Im429_glaucoma,30.914869410773285,0.00042957983991571714,294370772521551.0,31.711434785398087,86201691.48649134,-16.35265859278437,-2223.9615686186744,2640.983195051818
Im242_normal,25.402018317000405,0.0002537240282564816,295310546647218.0,31.711499136303285,86178001.55823547,-10.613919150412578,-1485.948681057761,2640.257400681234
Im439_glaucoma,37.55375042529274,0.000488779728373553,296166816168816.0,31.711577168334976,86345525.02246945,-5.311984116630311,-876.4773792440012,2645.3898597570296
Im177_normal,23.280792662535386,0.0004973001788407253,297535723634827.0,31.7116153393699,86265077.19123036,-24.382226533901257,-2828.3382779325457,2642.9251590450476
Im155_normal,28.27515049115162,0.0002848036388645289,298502936198151.0,31.711675163971442,86263953.1156905,-8.836808033582384,-1334.3580130709402,2642.8907204562042
Im310_glaucoma,27.477822737901292,8.127555875771957e-05,299009792711504.0,31.711765547941294,86264111.93482845,-4.503112262784643,-639.4419413154193,2642.8955862386165
Im225_normal,18.451035549672422,0.00018613964801381458,299960106064054.0,31.71182884271858,86185682.82949446,-22.143069598976094,-2170.020820699657,2640.4927337467666
Im073_normal,24.117329897773544,0.00022031745499368835,300887442085160.0,31.711890668346573,86154024.81313336,-16.70853202916649,-1921.4811833541464,2639.522819029821
Im215_normal,24.65517163682227,0.0003789369335311579,301952442784388.0,31.711952153876986,86144641.26831001,-17.474268620148013,-1904.6952795961336,2639.235332975184
Im063_normal,23.61778104737461,0.0003429120355702471,303117229129125.0,31.71199976204276,86091154.02874503,-25.81443618481982,-2710.515799406081,2637.5966307826293
Im190_normal,21.157169867383327,0.0001795656701039951,304067827316226.0,31.712055326330212,86030751.23009782,-25.346869656902186,-2509.3400960333165,2635.746054843683
Im229_normal,27.403742569970273,0.00019336852666637923,304767751658702.0,31.712135884623727,86052257.49475195,-14.162054443809877,-1373.719281049558,2636.4049477558806
Im239_normal,29.696458823507253,0.00018592468652526466,305560766680152.0,31.712201876267407,86056808.98349069,-14.059352877610538,-1644.944286680433,2636.544392876553
Im449_glaucoma,29.0282009748713,0.00023479061320774193,306411737209140.0,31.712267858145445,86069808.73118187,-11.452619847145595,-1465.9353404346361,2636.942669460229
Im359_glaucoma,27.890871744980775,0.000630974306411151,307974515778494.0,31.712281800962085,86024060.07960391,-26.97044232786414,-3398.2757333108816,2635.541056360414
Im213_normal,25.21528064906712,0.00031302350227523177,309140900429318.0,31.712321312820613,85978183.33686036,-21.5186815415732,-2496.1670588224915,2634.1355188989082
Im154_normal,28.630145255881438,0.000241819277885237,310101615275084.0,31.712373469791494,85967595.11439337,-9.147353914834817,-1408.6925028845617,2633.811124828228
Im134_normal,22.899685111990586,0.00022225478483923062,311022881149964.0,31.712436993359308,85934673.19251263,-18.315720099313776,-1941.4663305272602,2632.8024875157057
Im147_normal,19.001424618128393,0.00012730246917194206,311860610935710.0,31.712499846644796,85880245.37583739,-20.277231530977314,-2027.7231530977315,2631.134968622469
Im197_normal,25.935774116881802,0.00023729620788606035,312854163231154.0,31.71255091971187,85856475.39180335,-13.94893054604962,-1799.4120404404011,2630.406721562603
Im247_normal,19.567425401937353,0.00015526191230599858,313686663107582.0,31.712618807206656,85805604.28946218,-17.212087506287386,-1755.6329256413132,2628.8481706330326
Im354_glaucoma,44.03824198094275,0.0003703135360410632,314533657883148.0,31.712682109666538,85947134.79089363,-7.011855852369675,-1093.8495129696694,2633.18427668179
Im194_normal,24.923918642205557,0.0002223268633676019,315465386737711.0,31.71274030146231,85927047.19812734,-16.41886032214795,-1888.1689370470142,2632.5688479818427
Im208_normal,27.06894418638511,0.0002571120914608185,316455841049251.0,31.71279263700052,85918840.71696526,-9.922837810924353,-1458.6571582058798,2632.317423926632
Im251_normal,22.143829316329924,0.0002548721210327033,317580032124374.0,31.712835915963534,85850490.2441125,-22.93885082938063,-2546.21244206125,2630.2233530671724
Im335_glaucoma,17.414674534072844,2.6398404597977267e-05,318001921866083.0,31.71291831539178,85834319.8661033,-13.186811750339421,-1199.9998692808874,2629.7279370742435
Im323_glaucoma,26.557212711801828,4.129848463063502e-05,318427317417180.0,31.712999081407172,85829707.57446556,-6.433510517362146,-791.3217936355439,2629.5866291196558
Im166_normal,20.388580441668406,0.00016555210091405436,319396257996484.0,31.713048321294057,85766661.02106386,-26.298057745399436,-2550.9116013037456,2627.655055792398
Im195_normal,22.993147841418008,0.00024177270982779646,320351578849891.0,31.713107050455534,85736156.43028249,-14.173575547871826,-1700.8290657446191,2626.7204788689487
Im344_glaucoma,22.105286905252935,4.687101954057592e-05,320853613845874.0,31.713181888449192,85722044.11680463,-12.9028152675364,-1277.3787114861036,2626.288116323671
Im057_normal,27.22266328181254,0.00024640966559601657,321819420602068.0,31.713233847554918,85719133.78514515,-15.339402311919445,-1856.0676797422527,2626.1989517507704
Im238_normal,29.870157924026987,0.0001718862035902967,322624421027607.0,31.713291199487468,85724206.7924344,-13.93263598559858,-1657.983682286231,2626.3543747682106
Im130_normal,26.114667523047956,0.0002228827256927163,323565275112053.0,31.713344011982258,85714193.97033617,-10.268447819219912,-1396.508903413908,2626.0476093852994
Im227_normal,29.744268498656076,0.00021147776760137746,324368487913687.0,31.713405861244414,85748097.34847449,-10.865075732643584,-1271.2138607192994,2627.0863158233606
Im074_normal,28.19189345457553,0.0003842542610377845,325655122154363.0,31.71343255585775,85727541.26274957,-23.31110084793511,-2820.643202600148,2626.4565337852196
Im408_glaucoma,33.10341314471508,0.0004266140725280373,326914214283397.0,31.713458829934414,85763444.43873645,-19.718816046344756,-2563.446086024818,2627.5565085397197
Im167_normal,19.564843681121,0.0001362011870661075,327853709767581.0,31.71350565235663,85698884.57025868,-27.207858187052114,-2611.954385957003,2625.578571392729
Im080_normal,26.528729300921476,0.00022349956058176747,328863445556085.0,31.71354943016621,85674929.33926067,-13.824202733534088,-1866.267369027102,2624.8446488744075
Im071_normal,26.733790685395984,0.00014778134388607336,329651227354029.0,31.713607482720647,85668043.29866745,-9.887101890208895,-1314.984551397783,2624.6336794934878
Im084_normal,27.26887447926746,0.0003307597832241186,330672975972703.0,31.713660511972122,85691892.28735214,-14.259748723067878,-1711.1698467681454,2625.364347038975
Im451_glaucoma,41.91426647864024,0.0002842194048282035,331432715060965.0,31.713722836096842,85810903.05002797,-7.822525611235584,-1087.3310599617462,2629.010510111151
Im107_normal,31.582644090671046,0.00027031128020713036,332449425079971.0,31.713765103340375,85829225.96792433,-12.591585074139575,-1712.4555700829821,2629.5718740172892
Im236_normal,16.312330810982882,0.00010381776855884226,333313164966037.0,31.71381853568127,85758369.90777415,-22.701761265915138,-2179.3690815278533,2627.4010388411198
Im175_normal,23.097014550402818,0.000277238729249426,334563498064428.0,31.713846497657407,85683385.95529698,-24.875710749994386,-2835.83102549936,2625.1037363755204
Im414_glaucoma,23.185935276092753,0.00032215247630890413,335707823944545.0,31.71389206292495,85647081.20952833,-31.70951997893282,-2885.566318082887,2623.9914586252553
Im173_normal,20.927251644677273,0.00013830016615120692,336606252841515.0,31.713941875933802,85600699.90672936,-23.443566808156937,-2274.025980391223,2622.570462828718
Im312_glaucoma,20.498212928181758,1.2321312474783312e-05,336867047719534.0,31.714024060602227,85596588.89013876,-6.9538581244470485,-632.8010893246815,2622.4445125655257
Im393_glaucoma,22.470581584770624,0.00021623946200566613,337963342569748.0,31.714062704076344,85537809.95204957,-32.49677932558589,-3119.6908152562455,2620.6436872564204
Im301_glaucoma,27.476337467727834,4.0495021780540205e-05,338341430738461.0,31.714139387400433,85540397.32058114,-4.762418030576603,-576.2525816997689,2620.7229571256476
Im120_normal,19.753033700530093,8.452323673878978e-05,339104813334261.0,31.714191470424684,85500469.00437364,-16.667461753929427,-1750.08348416259,2619.4996631241925
Im124_normal,33.186680996777596,0.00021434769986375136,340002605364534.0,31.714237370588712,85525613.10843107,-9.759118249084224,-1424.8312643662966,2620.270009449481
Im296_glaucoma,26.786784462982475,4.911609924368124e-05,340425702813136.0,31.71431060240274,85526922.99335495,-3.02657602553797,-466.09270793284736,2620.3101407277863
Im138_normal,23.723414444129606,0.00017666268516061852,341297409717703.0,31.714363594335452,85508467.84578358,-10.87643137745859,-1381.306784937241,2619.744725667389
Im089_normal,24.673354727077367,0.00021404565118509746,342311465051593.0,31.71440611095962,85484286.92923094,-14.593424161956987,-1824.1780202446234,2619.003888763203
Im231_normal,11.066017624984726,7.820152316373704e-05,343133699493155.0,31.714463602691836,85375508.24319045,-73.57155384018472,-3825.7207996896054,2615.6712084310802
